DROP TABLE PESSOA;
CREATE TABLE PESSOA(CPF CHAR(11) PRIMARY KEY, SEXO CHAR(1), TELEFONE CHAR(11),NASCIMENTOS DATE, ENDERECO VARCHAR(100), PRIMEIRO_NOME VARCHAR(30), SOBRENOME VARCHAR(30)) 

DROP TABLE CLIENTE;
CREATE TABLE CLIENTE (CPF_CLIENTE CHAR(11) PRIMARY KEY FOREIGN KEY REFERENCES PESSOA(CPF))

CREATE TABLE FUNCIONARIO (ID_FUNCIONARIO INT IDENTITY PRIMARY KEY, SALARIO REAL NOT NULL, CPF char(11), CONSTRAINT FK_PESSOA FOREIGN KEY(CPF) REFERENCES PESSOA(CPF))

CREATE TABLE FORNECEDOR (CNPJ CHAR(14) PRIMARY KEY, RAZAO_SOCIAL VARCHAR(100) NOT NULL);

CREATE TABLE PRODUTO (COD_BARRA CHAR(13) PRIMARY KEY, COD_PROD INT IDENTITY, NOME_PROD VARCHAR(50) NOT NULL, FABRICANTE VARCHAR(50), ID_FORNECEDOR CHAR(14) FOREIGN KEY REFERENCES FORNECEDOR(CNPJ), VALIDADE DATE, VALOR_CUSTO REAL NOT NULL, VALOR_VENDA REAL)

ALTER TABLE PRODUTO 
ADD QUANTIDADE INTEGER;


CREATE TABLE COMPRA (ID_COMPRA INT IDENTITY PRIMARY KEY, ID_CLIENTE CHAR(11) FOREIGN KEY REFERENCES CLIENTE(CPF_CLIENTE), ID_VENDEDOR INT FOREIGN KEY REFERENCES FUNCIONARIO(ID_FUNCIONARIO), ID_PRODUTO CHAR(13) FOREIGN KEY REFERENCES PRODUTO(COD_BARRA));

INSERT INTO PESSOA VALUES ('53627434690', 'M', '8196098765', '2022-09-21', 'Rua dos cornos', 'Severino', 'José')
INSERT INTO PESSOA VALUES ('78945612312', 'M', '8199894455', '1988-06-11', 'Rua das flores', 'Vinicius', 'Souza')
INSERT INTO PESSOA VALUES ('33566845787', 'M', '8198877661', '1992-03-13', 'Av. Barreto de meneses','Arthur', 'Medeiros')
INSERT INTO PESSOA VALUES ('95835489202', 'F', '8798654354', '1988-01-01', 'Rua 11','Amanda', 'Souza')
INSERT INTO PESSOA VALUES ('65239874598', 'M', '8199966445', '1981-04-10', 'Rua Begonia','Pedro', 'Darwin')
INSERT INTO PESSOA VALUES ('78945635468', 'M', '8198745632', '1999-03-22', 'Rua do Solar','Elias', 'Souza')
INSERT INTO PESSOA VALUES ('65498732165', 'F', '8199651254', '2001-02-22', 'Av. Recife', 'Marina', 'Addobati')
INSERT INTO PESSOA VALUES ('46513335412', 'F', '8198654214', '1988-09-14', 'Rua Pedreira', 'Rosalia', 'Faustino')
INSERT INTO PESSOA VALUES ('95175398745', 'M', '8198888548', '1952-07-13', 'Rua Esquerda', 'Luis', 'Silva')
INSERT INTO PESSOA VALUES ('35795145687', 'F', '8198547855', '1962-03-03', 'Rua Florestas', 'Marina', 'Silva')
INSERT INTO PESSOA VALUES ('85274196354', 'M', '8195487123', '1972-06-29', 'Rua Angular', 'Sonny', 'Errickson')
INSERT INTO PESSOA VALUES ('75641598745', 'F', '8198746212', '1956-08-25', 'Rua Poetisa','Clarice', 'Lispector')
INSERT INTO PESSOA VALUES ('65498541254', 'M', '8199932456', '1978-09-30', 'Rua da Bosta','Jair','Bolsonaro')
INSERT INTO PESSOA VALUES ('65214789654', 'M', '8198564122', '1955-12-01', 'Rua do Parque', 'Valdemar', 'Oliveira')
INSERT INTO PESSOA VALUES ('85296345687', 'M', '8198547511', '1982-05-16', 'Rua Socialista','Jones','Emanuel')
INSERT INTO PESSOA VALUES ('25874466652', 'F', '8199624587', '1960-03-05', 'Rua Quadrangular', 'Dilma', 'Rousseff')
INSERT INTO PESSOA VALUES ('06547854455', 'M', '8199751225', '1986-09-09', 'Rua Esquilo', 'Carlos', 'Fonseca')
INSERT INTO PESSOA VALUES ('07854123354', 'M', '8196552555', '1952-11-26', 'Rua Cinquenta', 'Lucio', 'Hanove')
INSERT INTO PESSOA VALUES ('91587463211', 'M', '8199123457', '1987-01-20', 'Rua Azul', 'Oswaldo', 'Montenegro')
INSERT INTO PESSOA VALUES ('06589654122', 'F', '8199154785', '1967-08-09', 'Rua Banho de cheiro', 'Elma', 'Ramalho')

SELECT * FROM PESSOA;

INSERT INTO CLIENTE VALUES ('53627434690');
INSERT INTO CLIENTE VALUES ('33566845787');
INSERT INTO CLIENTE VALUES ('78945612312');
INSERT INTO CLIENTE VALUES ('95835489202');
INSERT INTO CLIENTE VALUES ('65239874598');
INSERT INTO CLIENTE VALUES ('78945635468');
INSERT INTO CLIENTE VALUES ('65498732165');
INSERT INTO CLIENTE VALUES ('46513335412');
INSERT INTO CLIENTE VALUES ('95175398745');
INSERT INTO CLIENTE VALUES ('35795145687');
INSERT INTO CLIENTE VALUES ('85274196354');
INSERT INTO CLIENTE VALUES ('75641598745');
INSERT INTO CLIENTE VALUES ('65498541254');
INSERT INTO CLIENTE VALUES ('65214789654');
INSERT INTO CLIENTE VALUES ('85296345687');
INSERT INTO CLIENTE VALUES ('25874466652');
INSERT INTO CLIENTE VALUES ('06547854455');
INSERT INTO CLIENTE VALUES ('07854123354');
INSERT INTO CLIENTE VALUES ('91587463211');
INSERT INTO CLIENTE VALUES ('06589654122');

SELECT * FROM CLIENTE;

INSERT INTO FUNCIONARIO VALUES ('1400','85296345687');
INSERT INTO FUNCIONARIO VALUES ('1400','25874466652');
INSERT INTO FUNCIONARIO VALUES ('1400','06547854455');
INSERT INTO FUNCIONARIO VALUES ('2600','07854123354');
INSERT INTO FUNCIONARIO VALUES ('1800','91587463211');
INSERT INTO FUNCIONARIO VALUES ('1400','06589654122');

SELECT * FROM FUNCIONARIO;

INSERT INTO FORNECEDOR VALUES ('54434567810002','Vera Cruz distribuidora de medicamentos');
INSERT INTO FORNECEDOR VALUES ('54405467810002','Ribirth distribuidora de medicamentos');
INSERT INTO FORNECEDOR VALUES ('65434567810002','Life distribuidora de medicamentos');
INSERT INTO FORNECEDOR VALUES ('95844567810003','Biroliro distribuidora de medicamentos');
INSERT INTO FORNECEDOR VALUES ('08234567810002','Mondeles LTDA');
INSERT INTO FORNECEDOR VALUES ('98544514810002','Solar distribuidora de bebidas');
INSERT INTO FORNECEDOR VALUES ('78513567810002','Biliu distribuidora');

SELECT * FROM FORNECEDOR;

INSERT INTO PRODUTO VALUES('9589875874625','Paracetamol 20mg', 'EMS', '54434567810002', '2023-09-25','2', '5' );
INSERT INTO PRODUTO VALUES('9589875879821','Dipirona 1g', 'EMS', '54434567810002', '2024-01-10','4', '9' );
INSERT INTO PRODUTO VALUES('6500875876851','Pants 10mg', 'ACHÉ', '54434567810002', '2024-02-02','22', '50' );
INSERT INTO PRODUTO VALUES('1289875865894','Agua mineral com gás', 'Coca-Cola', '98544514810002', '2022-11-25','1', '3' );
INSERT INTO PRODUTO VALUES('1289875898654','Agua mineral sem gás', 'Coca-Cola', '98544514810002', '2022-11-25','1', '3' );
INSERT INTO PRODUTO VALUES('1289875864874','Refrigerante Coca-Cola', 'Coca-Cola', '98544514810002', '2023-01-20','1', '4' );
INSERT INTO PRODUTO VALUES('1289875878541','Refrigerante Jesus', 'Coca-Cola', '98544514810002', '2023-02-25','1', '3' );
INSERT INTO PRODUTO VALUES('6587654656844','Cetoconazol 20mg shampo', 'Medley', '54405467810002', '2023-11-25','9', '17' );
INSERT INTO PRODUTO VALUES('6587654656845','Cetoconazol 20mg pômada', 'Medley', '54405467810002', '2023-11-01','10', '20' );
INSERT INTO PRODUTO VALUES('6587404659854','Redoxon 20mg tubo com 10 uni', 'Bayer', '54405467810002', '2023-02-01','12', '25' );
INSERT INTO PRODUTO VALUES('4785256313245','Rivotril 0,5mg','Bayer','65434567810002', '2023-05-05', '10', '20');
INSERT INTO PRODUTO VALUES('4780256313564','Betantol pomada pequena','Bayer','65434567810002', '2023-05-05', '15', '28');
INSERT INTO PRODUTO VALUES('4785578111145','Fluoxentina 2mg','Neo quimica','65434567810002', '2023-02-05', '10', '20');
INSERT INTO PRODUTO VALUES('4655888411171','Ivermectina 50mg','Fuck Bras','95844567810003', '2023-05-05', '22', '50');
INSERT INTO PRODUTO VALUES('4655888411711','Hidroxo Cloroquina 50mg','Fuck Bras','95844567810003', '2023-05-05', '22', '60')
INSERT INTO PRODUTO VALUES('4655888411566','Viacra 50mg','Pfizer-FAB-EXB','95844567810003', '2023-01-01', '22', '171')
INSERT INTO PRODUTO VALUES('4785412254116','Sorvete Magnun Belga','Kibom','08234567810002', '2022-12-05', '05', '10');
INSERT INTO PRODUTO VALUES('4748511124001','Sorvete creme 1 litro','Kibom','08234567810002', '2023-01-01', '20', '32');
INSERT INTO PRODUTO VALUES('4645866542122','Chocolate Diamente negro 90g','Lacta','08234567810002', '2023-05-05', '3', '7');
INSERT INTO PRODUTO VALUES('4645866542123','Chocolate  branco Laka 90g','Lacta','08234567810002', '2023-05-05', '3', '7');
INSERT INTO PRODUTO VALUES('4645866985541','Leite em pó ninho 400g','Nestle','78513567810002', '2023-05-05', '9', '24');
INSERT INTO PRODUTO VALUES('4645866897211','Rexona aerosol','Unilever','78513567810002', '2023-05-05', '7', '20');
INSERT INTO PRODUTO VALUES('4645866598547','Abosorvente intimo always noturno com abas','P&G','78513567810002', '2025-05-05', '9', '18');
INSERT INTO PRODUTO VALUES('4645866503212','Fraldas Huggies XG 66 uni.','Huggies','78513567810002', '2023-05-05', '48', '75');

SELECT * FROM PRODUTO;

UPDATE PRODUTO SET QUANTIDADE = 12 WHERE FABRICANTE = 'EMS';
UPDATE PRODUTO SET QUANTIDADE = 60 WHERE FABRICANTE = 'Kibom';
UPDATE PRODUTO SET QUANTIDADE = 22 WHERE FABRICANTE = 'Bayer';
UPDATE PRODUTO SET QUANTIDADE = 13 WHERE FABRICANTE = 'Neo Quimica';
UPDATE PRODUTO SET QUANTIDADE = 10 WHERE FABRICANTE = 'ACHÉ';
UPDATE PRODUTO SET QUANTIDADE = 10 WHERE FABRICANTE = 'Medley';




INSERT INTO COMPRA VALUES('95835489202','3','4645866542123');
INSERT INTO COMPRA VALUES('65498541254','4','4655888411566');
INSERT INTO COMPRA VALUES('65498541254','4','4780256313564');
INSERT INTO COMPRA VALUES('95835489202','2','4645866598547');
INSERT INTO COMPRA VALUES('95835489202','2','4780256313564');
INSERT INTO COMPRA VALUES('91587463211','3','4645866542122');
INSERT INTO COMPRA VALUES('06589654122','2','6587654656844');
INSERT INTO COMPRA VALUES('95175398745','7','4780256313564');
INSERT INTO COMPRA VALUES('95175398745','7','1289875864874');
INSERT INTO COMPRA VALUES('95175398745','7','4785256313245');


SELECT * FROM COMPRA;

